/home/vartiai6/CarImages/Subset1/20091210045621_40_6448820_Yleiskuvakamera.jpg	0
/home/vartiai6/CarImages/Subset1/20091210055639_40_6448831_Yleiskuvakamera.jpg	0
/home/vartiai6/CarImages/Subset1/20091210061910_40_6448853_Yleiskuvakamera.jpg	1
/home/vartiai6/CarImages/Subset1/20091210063617_40_6448906_Yleiskuvakamera.jpg	2
/home/vartiai6/CarImages/Subset1/20091210065513_40_6449032_Yleiskuvakamera.jpg	1
/home/vartiai6/CarImages/Subset1/20091210074003_40_6449495_Yleiskuvakamera.jpg	0
/home/vartiai6/CarImages/Subset1/20091210074543_40_6449587_Yleiskuvakamera.jpg	2
/home/vartiai6/CarImages/Subset1/20091210075324_40_6449623_Yleiskuvakamera.jpg	0
/home/vartiai6/CarImages/Subset1/20091210075902_40_6449653_Yleiskuvakamera.jpg	1
/home/vartiai6/CarImages/Subset1/20091210082620_40_6449835_Yleiskuvakamera.jpg	1
/home/vartiai6/CarImages/Subset1/20091210085334_40_6449960_Yleiskuvakamera.jpg	0
/home/vartiai6/CarImages/Subset1/20091210091326_40_6450021_Yleiskuvakamera.jpg	2
/home/vartiai6/CarImages/Subset1/20091210091336_40_6450022_Yleiskuvakamera.jpg	2
/home/vartiai6/CarImages/Subset1/20091210092949_40_6450101_Yleiskuvakamera.jpg	2
/home/vartiai6/CarImages/Subset1/20091210093004_40_6450102_Yleiskuvakamera.jpg	1
/home/vartiai6/CarImages/Subset1/20091210093059_40_6450112_Yleiskuvakamera.jpg	2
/home/vartiai6/CarImages/Subset1/20091210093226_40_6450119_Yleiskuvakamera.jpg	0
/home/vartiai6/CarImages/Subset1/20091210093503_40_6450165_Yleiskuvakamera.jpg	0
/home/vartiai6/CarImages/Subset1/20091210093744_40_6450194_Yleiskuvakamera.jpg	1
/home/vartiai6/CarImages/Subset1/20091210093858_40_6450213_Yleiskuvakamera.jpg	0
/home/vartiai6/CarImages/Subset1/20091210095243_40_6450394_Yleiskuvakamera.jpg	0
/home/vartiai6/CarImages/Subset1/20091210101246_40_6450606_Yleiskuvakamera.jpg	2
/home/vartiai6/CarImages/Subset1/20091210101326_40_6450610_Yleiskuvakamera.jpg	2
/home/vartiai6/CarImages/Subset1/20091210101354_40_6450616_Yleiskuvakamera.jpg	2
/home/vartiai6/CarImages/Subset1/20091210101628_40_6450632_Yleiskuvakamera.jpg	1
/home/vartiai6/CarImages/Subset1/20091210101849_40_6450652_Yleiskuvakamera.jpg	2
/home/vartiai6/CarImages/Subset1/20091210101945_40_6450657_Yleiskuvakamera.jpg	0
/home/vartiai6/CarImages/Subset1/20091210102105_40_6450660_Yleiskuvakamera.jpg	0
/home/vartiai6/CarImages/Subset1/20091210102602_40_6450692_Yleiskuvakamera.jpg	2
/home/vartiai6/CarImages/Subset1/20091210102613_40_6450693_Yleiskuvakamera.jpg	1
/home/vartiai6/CarImages/Subset1/20091210102729_40_6450708_Yleiskuvakamera.jpg	2
/home/vartiai6/CarImages/Subset1/20091210103518_40_6450749_Yleiskuvakamera.jpg	0
/home/vartiai6/CarImages/Subset1/20091210103557_40_6450759_Yleiskuvakamera.jpg	2
/home/vartiai6/CarImages/Subset1/20091210103659_40_6450765_Yleiskuvakamera.jpg	0
/home/vartiai6/CarImages/Subset1/20091210103739_40_6450773_Yleiskuvakamera.jpg	2
/home/vartiai6/CarImages/Subset1/20091210103818_40_6450777_Yleiskuvakamera.jpg	0
/home/vartiai6/CarImages/Subset1/20091210103919_40_6450782_Yleiskuvakamera.jpg	2
/home/vartiai6/CarImages/Subset1/20091210104328_40_6450841_Yleiskuvakamera.jpg	2
/home/vartiai6/CarImages/Subset1/20091210105120_40_6450985_Yleiskuvakamera.jpg	2
/home/vartiai6/CarImages/Subset1/20091210105220_40_6451001_Yleiskuvakamera.jpg	1
/home/vartiai6/CarImages/Subset1/20091210105231_40_6451007_Yleiskuvakamera.jpg	1
/home/vartiai6/CarImages/Subset1/20091210105331_40_6451020_Yleiskuvakamera.jpg	2
/home/vartiai6/CarImages/Subset1/20091210105357_40_6451021_Yleiskuvakamera.jpg	0
/home/vartiai6/CarImages/Subset1/20091210110125_40_6451080_Yleiskuvakamera.jpg	1
/home/vartiai6/CarImages/Subset1/20091210110853_40_6451112_Yleiskuvakamera.jpg	0
/home/vartiai6/CarImages/Subset1/20091210110944_40_6451117_Yleiskuvakamera.jpg	2
/home/vartiai6/CarImages/Subset1/20091210111323_40_6451135_Yleiskuvakamera.jpg	2
/home/vartiai6/CarImages/Subset1/20091210111905_40_6451160_Yleiskuvakamera.jpg	2
/home/vartiai6/CarImages/Subset1/20091210111921_40_6451161_Yleiskuvakamera.jpg	2
/home/vartiai6/CarImages/Subset1/20091210112053_40_6451163_Yleiskuvakamera.jpg	2
/home/vartiai6/CarImages/Subset1/20091210112216_40_6451164_Yleiskuvakamera.jpg	1
/home/vartiai6/CarImages/Subset1/20091210112328_40_6451168_Yleiskuvakamera.jpg	0
/home/vartiai6/CarImages/Subset1/20091210112446_40_6451179_Yleiskuvakamera.jpg	2
/home/vartiai6/CarImages/Subset1/20091210112621_40_6451184_Yleiskuvakamera.jpg	0
/home/vartiai6/CarImages/Subset1/20091210112724_40_6451191_Yleiskuvakamera.jpg	2
/home/vartiai6/CarImages/Subset1/20091210112904_40_6451202_Yleiskuvakamera.jpg	2
/home/vartiai6/CarImages/Subset1/20091210113136_40_6451211_Yleiskuvakamera.jpg	1
/home/vartiai6/CarImages/Subset1/20091210113259_40_6451212_Yleiskuvakamera.jpg	0
/home/vartiai6/CarImages/Subset1/20091210113451_40_6451223_Yleiskuvakamera.jpg	2
/home/vartiai6/CarImages/Subset1/20091210113516_40_6451226_Yleiskuvakamera.jpg	2
/home/vartiai6/CarImages/Subset1/20091210113843_40_6451243_Yleiskuvakamera.jpg	1
/home/vartiai6/CarImages/Subset1/20091210114116_40_6451250_Yleiskuvakamera.jpg	1
/home/vartiai6/CarImages/Subset1/20091210114858_40_6451279_Yleiskuvakamera.jpg	2
/home/vartiai6/CarImages/Subset1/20091210121604_40_6451373_Yleiskuvakamera.jpg	2
/home/vartiai6/CarImages/Subset1/20091210121636_40_6451374_Yleiskuvakamera.jpg	2
/home/vartiai6/CarImages/Subset1/20091210121819_40_6451385_Yleiskuvakamera.jpg	2
/home/vartiai6/CarImages/Subset1/20091210121936_40_6451387_Yleiskuvakamera.jpg	0
/home/vartiai6/CarImages/Subset1/20091210122242_40_6451397_Yleiskuvakamera.jpg	0
/home/vartiai6/CarImages/Subset1/20091210122416_40_6451402_Yleiskuvakamera.jpg	2
/home/vartiai6/CarImages/Subset1/20091210122500_40_6451406_Yleiskuvakamera.jpg	0
/home/vartiai6/CarImages/Subset1/20091210123524_40_6451446_Yleiskuvakamera.jpg	2
/home/vartiai6/CarImages/Subset1/20091210123613_40_6451447_Yleiskuvakamera.jpg	0
/home/vartiai6/CarImages/Subset1/20091210124000_40_6451460_Yleiskuvakamera.jpg	0
/home/vartiai6/CarImages/Subset1/20091210125245_40_6451503_Yleiskuvakamera.jpg	0
/home/vartiai6/CarImages/Subset1/20091210125715_40_6451529_Yleiskuvakamera.jpg	0
/home/vartiai6/CarImages/Subset1/20091210130331_40_6451592_Yleiskuvakamera.jpg	1
/home/vartiai6/CarImages/Subset1/20091210130437_40_6451611_Yleiskuvakamera.jpg	0
/home/vartiai6/CarImages/Subset1/20091210130611_40_6451629_Yleiskuvakamera.jpg	1
/home/vartiai6/CarImages/Subset1/20091210130853_40_6451672_Yleiskuvakamera.jpg	2
/home/vartiai6/CarImages/Subset1/20091210131247_40_6451693_Yleiskuvakamera.jpg	2
/home/vartiai6/CarImages/Subset1/20091210131338_40_6451695_Yleiskuvakamera.jpg	1
/home/vartiai6/CarImages/Subset1/20091210131500_40_6451709_Yleiskuvakamera.jpg	0
/home/vartiai6/CarImages/Subset1/20091210132056_40_6451746_Yleiskuvakamera.jpg	1
/home/vartiai6/CarImages/Subset1/20091210132341_40_6451759_Yleiskuvakamera.jpg	0
/home/vartiai6/CarImages/Subset1/20091210132747_40_6451783_Yleiskuvakamera.jpg	2
/home/vartiai6/CarImages/Subset1/20091210133550_40_6451849_Yleiskuvakamera.jpg	2
/home/vartiai6/CarImages/Subset1/20091210133628_40_6451852_Yleiskuvakamera.jpg	1
/home/vartiai6/CarImages/Subset1/20091210133808_40_6451863_Yleiskuvakamera.jpg	2
/home/vartiai6/CarImages/Subset1/20091210133825_40_6451864_Yleiskuvakamera.jpg	0
/home/vartiai6/CarImages/Subset1/20091210134213_40_6451897_Yleiskuvakamera.jpg	0
/home/vartiai6/CarImages/Subset1/20091210134335_40_6451908_Yleiskuvakamera.jpg	2
/home/vartiai6/CarImages/Subset1/20091210134348_40_6451909_Yleiskuvakamera.jpg	0
/home/vartiai6/CarImages/Subset1/20091210134456_40_6451919_Yleiskuvakamera.jpg	2
/home/vartiai6/CarImages/Subset1/20091210134838_40_6451949_Yleiskuvakamera.jpg	1
/home/vartiai6/CarImages/Subset1/20091210135606_40_6452003_Yleiskuvakamera.jpg	2
/home/vartiai6/CarImages/Subset1/20091210135835_40_6452026_Yleiskuvakamera.jpg	1
/home/vartiai6/CarImages/Subset1/20091210140344_40_6452073_Yleiskuvakamera.jpg	2
/home/vartiai6/CarImages/Subset1/20091210141607_40_6452172_Yleiskuvakamera.jpg	2
/home/vartiai6/CarImages/Subset1/20091210142329_40_6452201_Yleiskuvakamera.jpg	1
/home/vartiai6/CarImages/Subset1/20091210142619_40_6452209_Yleiskuvakamera.jpg	2
/home/vartiai6/CarImages/Subset1/20091210143012_40_6452219_Yleiskuvakamera.jpg	0
/home/vartiai6/CarImages/Subset1/20091210143138_40_6452226_Yleiskuvakamera.jpg	0
/home/vartiai6/CarImages/Subset1/20091210143149_40_6452227_Yleiskuvakamera.jpg	0
/home/vartiai6/CarImages/Subset1/20091210143245_40_6452231_Yleiskuvakamera.jpg	2
/home/vartiai6/CarImages/Subset1/20091210143300_40_6452233_Yleiskuvakamera.jpg	2
/home/vartiai6/CarImages/Subset1/20091210143520_40_6452240_Yleiskuvakamera.jpg	1
/home/vartiai6/CarImages/Subset1/20091210143611_40_6452244_Yleiskuvakamera.jpg	1
/home/vartiai6/CarImages/Subset1/20091210144127_40_6452261_Yleiskuvakamera.jpg	0
/home/vartiai6/CarImages/Subset1/20091210144146_40_6452268_Yleiskuvakamera.jpg	2
/home/vartiai6/CarImages/Subset1/20091210145351_40_6452307_Yleiskuvakamera.jpg	2
/home/vartiai6/CarImages/Subset1/20091210150111_40_6452326_Yleiskuvakamera.jpg	0
/home/vartiai6/CarImages/Subset1/20091210150121_40_6452329_Yleiskuvakamera.jpg	0
/home/vartiai6/CarImages/Subset1/20091210150514_40_6452345_Yleiskuvakamera.jpg	2
/home/vartiai6/CarImages/Subset1/20091210150848_40_6452357_Yleiskuvakamera.jpg	2
/home/vartiai6/CarImages/Subset1/20091210151557_40_6452380_Yleiskuvakamera.jpg	0
/home/vartiai6/CarImages/Subset1/20091210151626_40_6452385_Yleiskuvakamera.jpg	2
/home/vartiai6/CarImages/Subset1/20091210151743_40_6452390_Yleiskuvakamera.jpg	2
/home/vartiai6/CarImages/Subset1/20091210154048_40_6452472_Yleiskuvakamera.jpg	3
/home/vartiai6/CarImages/Subset1/20091210154434_40_6452482_Yleiskuvakamera.jpg	1
/home/vartiai6/CarImages/Subset1/20091210155101_40_6452506_Yleiskuvakamera.jpg	3
/home/vartiai6/CarImages/Subset1/20091210155603_40_6452526_Yleiskuvakamera.jpg	3
/home/vartiai6/CarImages/Subset1/20091210160401_40_6452628_Yleiskuvakamera.jpg	2
/home/vartiai6/CarImages/Subset1/20091210162116_40_6452872_Yleiskuvakamera.jpg	3
/home/vartiai6/CarImages/Subset1/20091210162529_40_6452927_Yleiskuvakamera.jpg	1
/home/vartiai6/CarImages/Subset1/20091210165638_40_6453284_Yleiskuvakamera.jpg	2
/home/vartiai6/CarImages/Subset1/20091210165952_40_6453322_Yleiskuvakamera.jpg	1
/home/vartiai6/CarImages/Subset1/20091210171016_40_6453383_Yleiskuvakamera.jpg	1
/home/vartiai6/CarImages/Subset1/20091210172340_40_6453434_Yleiskuvakamera.jpg	0
/home/vartiai6/CarImages/Subset1/20091210173602_40_6453483_Yleiskuvakamera.jpg	0
/home/vartiai6/CarImages/Subset1/20091210183617_40_6453717_Yleiskuvakamera.jpg	0
/home/vartiai6/CarImages/Subset1/20091210192334_40_6453869_Yleiskuvakamera.jpg	0
/home/vartiai6/CarImages/Subset1/20091210214021_40_6455032_Yleiskuvakamera.jpg	0
/home/vartiai6/CarImages/Subset1/20091211032952_40_6455190_Yleiskuvakamera.jpg	0
/home/vartiai6/CarImages/Subset1/20091211053728_40_6455210_Yleiskuvakamera.jpg	0
/home/vartiai6/CarImages/Subset1/20091211065327_40_6455452_Yleiskuvakamera.jpg	1
/home/vartiai6/CarImages/Subset1/20091211071345_40_6455672_Yleiskuvakamera.jpg	1
/home/vartiai6/CarImages/Subset1/20091211071625_40_6455692_Yleiskuvakamera.jpg	2
/home/vartiai6/CarImages/Subset1/20091211072303_40_6455731_Yleiskuvakamera.jpg	0
/home/vartiai6/CarImages/Subset1/20091211073826_40_6455912_Yleiskuvakamera.jpg	2
/home/vartiai6/CarImages/Subset1/20091211074532_40_6456025_Yleiskuvakamera.jpg	1
/home/vartiai6/CarImages/Subset1/20091211074709_40_6456039_Yleiskuvakamera.jpg	1
/home/vartiai6/CarImages/Subset1/20091211074723_40_6456044_Yleiskuvakamera.jpg	0
/home/vartiai6/CarImages/Subset1/20091211075155_40_6456095_Yleiskuvakamera.jpg	1
/home/vartiai6/CarImages/Subset1/20091211081101_40_6456205_Yleiskuvakamera.jpg	0
/home/vartiai6/CarImages/Subset1/20091211081304_40_6456221_Yleiskuvakamera.jpg	0
/home/vartiai6/CarImages/Subset1/20091211082440_40_6456307_Yleiskuvakamera.jpg	0
/home/vartiai6/CarImages/Subset1/20091211085318_40_6456395_Yleiskuvakamera.jpg	1
/home/vartiai6/CarImages/Subset1/20091211090723_40_6456430_Yleiskuvakamera.jpg	2
/home/vartiai6/CarImages/Subset1/20091211091054_40_6456442_Yleiskuvakamera.jpg	0
/home/vartiai6/CarImages/Subset1/20091211091132_40_6456443_Yleiskuvakamera.jpg	0
/home/vartiai6/CarImages/Subset1/20091211091359_40_6456456_Yleiskuvakamera.jpg	2
/home/vartiai6/CarImages/Subset1/20091211091837_40_6456478_Yleiskuvakamera.jpg	2
/home/vartiai6/CarImages/Subset1/20091211092313_40_6456496_Yleiskuvakamera.jpg	2
/home/vartiai6/CarImages/Subset1/20091211092347_40_6456499_Yleiskuvakamera.jpg	1
/home/vartiai6/CarImages/Subset1/20091211092604_40_6456511_Yleiskuvakamera.jpg	2
/home/vartiai6/CarImages/Subset1/20091211092953_40_6456532_Yleiskuvakamera.jpg	2
/home/vartiai6/CarImages/Subset1/20091211093430_40_6456575_Yleiskuvakamera.jpg	0
/home/vartiai6/CarImages/Subset1/20091211093844_40_6456626_Yleiskuvakamera.jpg	2
/home/vartiai6/CarImages/Subset1/20091211094024_40_6456642_Yleiskuvakamera.jpg	2
/home/vartiai6/CarImages/Subset1/20091211094132_40_6456649_Yleiskuvakamera.jpg	0
/home/vartiai6/CarImages/Subset1/20091211094222_40_6456667_Yleiskuvakamera.jpg	0
/home/vartiai6/CarImages/Subset1/20091211094724_40_6456753_Yleiskuvakamera.jpg	2
/home/vartiai6/CarImages/Subset1/20091211095110_40_6456792_Yleiskuvakamera.jpg	2
/home/vartiai6/CarImages/Subset1/20091211095130_40_6456794_Yleiskuvakamera.jpg	2
/home/vartiai6/CarImages/Subset1/20091211095347_40_6456809_Yleiskuvakamera.jpg	2
/home/vartiai6/CarImages/Subset1/20091211095713_40_6456837_Yleiskuvakamera.jpg	0
/home/vartiai6/CarImages/Subset1/20091211100222_40_6456894_Yleiskuvakamera.jpg	0
/home/vartiai6/CarImages/Subset1/20091211100227_40_6456895_Yleiskuvakamera.jpg	1
/home/vartiai6/CarImages/Subset1/20091211100624_40_6456977_Yleiskuvakamera.jpg	2
/home/vartiai6/CarImages/Subset1/20091211101045_40_6457048_Yleiskuvakamera.jpg	0
/home/vartiai6/CarImages/Subset1/20091211101533_40_6457113_Yleiskuvakamera.jpg	2
/home/vartiai6/CarImages/Subset1/20091211102420_40_6457165_Yleiskuvakamera.jpg	2
/home/vartiai6/CarImages/Subset1/20091211102837_40_6457198_Yleiskuvakamera.jpg	2
/home/vartiai6/CarImages/Subset1/20091211102945_40_6457205_Yleiskuvakamera.jpg	1
/home/vartiai6/CarImages/Subset1/20091211103101_40_6457213_Yleiskuvakamera.jpg	0
/home/vartiai6/CarImages/Subset1/20091211103330_40_6457248_Yleiskuvakamera.jpg	2
/home/vartiai6/CarImages/Subset1/20091211103451_40_6457269_Yleiskuvakamera.jpg	2
/home/vartiai6/CarImages/Subset1/20091211103513_40_6457272_Yleiskuvakamera.jpg	2
/home/vartiai6/CarImages/Subset1/20091211103622_40_6457284_Yleiskuvakamera.jpg	2
/home/vartiai6/CarImages/Subset1/20091211103840_40_6457304_Yleiskuvakamera.jpg	1
/home/vartiai6/CarImages/Subset1/20091211104058_40_6457315_Yleiskuvakamera.jpg	1
/home/vartiai6/CarImages/Subset1/20091211104110_40_6457320_Yleiskuvakamera.jpg	2
/home/vartiai6/CarImages/Subset1/20091211104215_40_6457334_Yleiskuvakamera.jpg	2
/home/vartiai6/CarImages/Subset1/20091211105125_40_6457557_Yleiskuvakamera.jpg	0
/home/vartiai6/CarImages/Subset1/20091211105352_40_6457578_Yleiskuvakamera.jpg	1
/home/vartiai6/CarImages/Subset1/20091211105609_40_6457593_Yleiskuvakamera.jpg	2
/home/vartiai6/CarImages/Subset1/20091211110600_40_6457647_Yleiskuvakamera.jpg	1
/home/vartiai6/CarImages/Subset1/20091211110621_40_6457652_Yleiskuvakamera.jpg	2
/home/vartiai6/CarImages/Subset1/20091211110829_40_6457662_Yleiskuvakamera.jpg	2
/home/vartiai6/CarImages/Subset1/20091211111101_40_6457678_Yleiskuvakamera.jpg	2
/home/vartiai6/CarImages/Subset1/20091211111119_40_6457679_Yleiskuvakamera.jpg	1
/home/vartiai6/CarImages/Subset1/20091211111331_40_6457689_Yleiskuvakamera.jpg	1
/home/vartiai6/CarImages/Subset1/20091211111627_40_6457698_Yleiskuvakamera.jpg	1
/home/vartiai6/CarImages/Subset1/20091211111758_40_6457705_Yleiskuvakamera.jpg	0
/home/vartiai6/CarImages/Subset1/20091211111958_40_6457713_Yleiskuvakamera.jpg	2
/home/vartiai6/CarImages/Subset1/20091211112014_40_6457722_Yleiskuvakamera.jpg	1
/home/vartiai6/CarImages/Subset1/20091211112213_40_6457724_Yleiskuvakamera.jpg	1
/home/vartiai6/CarImages/Subset1/20091211112621_40_6457736_Yleiskuvakamera.jpg	0
/home/vartiai6/CarImages/Subset1/20091211112726_40_6457737_Yleiskuvakamera.jpg	2
/home/vartiai6/CarImages/Subset1/20091211112740_40_6457738_Yleiskuvakamera.jpg	2
/home/vartiai6/CarImages/Subset1/20091211113101_40_6457751_Yleiskuvakamera.jpg	2
/home/vartiai6/CarImages/Subset1/20091211113401_40_6457762_Yleiskuvakamera.jpg	2
/home/vartiai6/CarImages/Subset1/20091211113516_40_6457765_Yleiskuvakamera.jpg	1
/home/vartiai6/CarImages/Subset1/20091211113715_40_6457771_Yleiskuvakamera.jpg	0
/home/vartiai6/CarImages/Subset1/20091211113722_40_6457772_Yleiskuvakamera.jpg	1
/home/vartiai6/CarImages/Subset1/20091211114005_40_6457782_Yleiskuvakamera.jpg	2
/home/vartiai6/CarImages/Subset1/20091211114902_40_6457817_Yleiskuvakamera.jpg	1
/home/vartiai6/CarImages/Subset1/20091211115602_40_6457840_Yleiskuvakamera.jpg	2
/home/vartiai6/CarImages/Subset1/20091211115625_40_6457841_Yleiskuvakamera.jpg	0
/home/vartiai6/CarImages/Subset1/20091211120951_40_6457894_Yleiskuvakamera.jpg	2
/home/vartiai6/CarImages/Subset1/20091211121758_40_6457913_Yleiskuvakamera.jpg	2
/home/vartiai6/CarImages/Subset1/20091211122057_40_6457921_Yleiskuvakamera.jpg	1
/home/vartiai6/CarImages/Subset1/20091211122111_40_6457924_Yleiskuvakamera.jpg	0
/home/vartiai6/CarImages/Subset1/20091211122328_40_6457929_Yleiskuvakamera.jpg	1
/home/vartiai6/CarImages/Subset1/20091211122448_40_6457937_Yleiskuvakamera.jpg	1
/home/vartiai6/CarImages/Subset1/20091211122550_40_6457940_Yleiskuvakamera.jpg	2
/home/vartiai6/CarImages/Subset1/20091211122742_40_6457944_Yleiskuvakamera.jpg	0
/home/vartiai6/CarImages/Subset1/20091211124353_40_6458022_Yleiskuvakamera.jpg	2
/home/vartiai6/CarImages/Subset1/20091211125332_40_6458064_Yleiskuvakamera.jpg	0
/home/vartiai6/CarImages/Subset1/20091211125508_40_6458072_Yleiskuvakamera.jpg	2
/home/vartiai6/CarImages/Subset1/20091211131005_40_6458237_Yleiskuvakamera.jpg	2
/home/vartiai6/CarImages/Subset1/20091211132900_40_6458359_Yleiskuvakamera.jpg	2
/home/vartiai6/CarImages/Subset1/20091211133452_40_6458425_Yleiskuvakamera.jpg	0
/home/vartiai6/CarImages/Subset1/20091211133835_40_6458454_Yleiskuvakamera.jpg	0
/home/vartiai6/CarImages/Subset1/20091211134244_40_6458501_Yleiskuvakamera.jpg	1
/home/vartiai6/CarImages/Subset1/20091211134405_40_6458515_Yleiskuvakamera.jpg	2
/home/vartiai6/CarImages/Subset1/20091211134607_40_6458533_Yleiskuvakamera.jpg	1
/home/vartiai6/CarImages/Subset1/20091211134649_40_6458539_Yleiskuvakamera.jpg	0
/home/vartiai6/CarImages/Subset1/20091211135110_40_6458584_Yleiskuvakamera.jpg	0
/home/vartiai6/CarImages/Subset1/20091211135344_40_6458619_Yleiskuvakamera.jpg	2
/home/vartiai6/CarImages/Subset1/20091211135537_40_6458635_Yleiskuvakamera.jpg	2
/home/vartiai6/CarImages/Subset1/20091211135905_40_6458681_Yleiskuvakamera.jpg	2
/home/vartiai6/CarImages/Subset1/20091211140356_40_6458721_Yleiskuvakamera.jpg	2
/home/vartiai6/CarImages/Subset1/20091211140416_40_6458722_Yleiskuvakamera.jpg	1
/home/vartiai6/CarImages/Subset1/20091211140650_40_6458735_Yleiskuvakamera.jpg	0
/home/vartiai6/CarImages/Subset1/20091211140841_40_6458747_Yleiskuvakamera.jpg	2
/home/vartiai6/CarImages/Subset1/20091211142605_40_6458805_Yleiskuvakamera.jpg	0
/home/vartiai6/CarImages/Subset1/20091211142726_40_6458810_Yleiskuvakamera.jpg	1
/home/vartiai6/CarImages/Subset1/20091211142940_40_6458817_Yleiskuvakamera.jpg	1
/home/vartiai6/CarImages/Subset1/20091211143303_40_6458827_Yleiskuvakamera.jpg	0
/home/vartiai6/CarImages/Subset1/20091211143358_40_6458832_Yleiskuvakamera.jpg	0
/home/vartiai6/CarImages/Subset1/20091211143733_40_6458844_Yleiskuvakamera.jpg	2
/home/vartiai6/CarImages/Subset1/20091211143851_40_6458848_Yleiskuvakamera.jpg	2
/home/vartiai6/CarImages/Subset1/20091211144827_40_6458869_Yleiskuvakamera.jpg	0
/home/vartiai6/CarImages/Subset1/20091211145227_40_6458887_Yleiskuvakamera.jpg	2
/home/vartiai6/CarImages/Subset1/20091211145327_40_6458889_Yleiskuvakamera.jpg	0
/home/vartiai6/CarImages/Subset1/20091211145540_40_6458899_Yleiskuvakamera.jpg	1
/home/vartiai6/CarImages/Subset1/20091211150242_40_6458923_Yleiskuvakamera.jpg	2
/home/vartiai6/CarImages/Subset1/20091211151433_40_6458969_Yleiskuvakamera.jpg	0
/home/vartiai6/CarImages/Subset1/20091211151906_40_6458987_Yleiskuvakamera.jpg	2
/home/vartiai6/CarImages/Subset1/20091211152812_40_6459019_Yleiskuvakamera.jpg	1
/home/vartiai6/CarImages/Subset1/20091211152924_40_6459025_Yleiskuvakamera.jpg	0
/home/vartiai6/CarImages/Subset1/20091211153352_40_6459043_Yleiskuvakamera.jpg	1
/home/vartiai6/CarImages/Subset1/20091211153527_40_6459054_Yleiskuvakamera.jpg	2
/home/vartiai6/CarImages/Subset1/20091211153551_40_6459057_Yleiskuvakamera.jpg	2
/home/vartiai6/CarImages/Subset1/20091211154013_40_6459077_Yleiskuvakamera.jpg	0
/home/vartiai6/CarImages/Subset1/20091211154803_40_6459114_Yleiskuvakamera.jpg	0
/home/vartiai6/CarImages/Subset1/20091211155017_40_6459125_Yleiskuvakamera.jpg	1
/home/vartiai6/CarImages/Subset1/20091211155926_40_6459201_Yleiskuvakamera.jpg	1
/home/vartiai6/CarImages/Subset1/20091211160006_40_6459209_Yleiskuvakamera.jpg	3
/home/vartiai6/CarImages/Subset1/20091211160404_40_6459235_Yleiskuvakamera.jpg	1
/home/vartiai6/CarImages/Subset1/20091211161922_40_6459498_Yleiskuvakamera.jpg	1
/home/vartiai6/CarImages/Subset1/20091211161949_40_6459505_Yleiskuvakamera.jpg	3
/home/vartiai6/CarImages/Subset1/20091211162944_40_6459585_Yleiskuvakamera.jpg	0
/home/vartiai6/CarImages/Subset1/20091211164601_40_6459787_Yleiskuvakamera.jpg	0
/home/vartiai6/CarImages/Subset1/20091211173608_40_6460154_Yleiskuvakamera.jpg	0
/home/vartiai6/CarImages/Subset1/20091211183132_40_6460326_Yleiskuvakamera.jpg	2
/home/vartiai6/CarImages/Subset1/20091211184500_40_6460343_Yleiskuvakamera.jpg	0
/home/vartiai6/CarImages/Subset1/20091211213952_40_6461772_Yleiskuvakamera.jpg	0
/home/vartiai6/CarImages/Subset1/20091211234212_40_6461858_Yleiskuvakamera.jpg	0
/home/vartiai6/CarImages/Subset1/20091212011234_40_6461874_Yleiskuvakamera.jpg	0
/home/vartiai6/CarImages/Subset1/20091212043527_40_6461890_Yleiskuvakamera.jpg	0
/home/vartiai6/CarImages/Subset1/20091212055816_40_6461897_Yleiskuvakamera.jpg	2
/home/vartiai6/CarImages/Subset1/20091212065004_40_6461943_Yleiskuvakamera.jpg	1
/home/vartiai6/CarImages/Subset1/20091212081242_40_6462735_Yleiskuvakamera.jpg	2
/home/vartiai6/CarImages/Subset1/20091212085412_40_6462814_Yleiskuvakamera.jpg	2
/home/vartiai6/CarImages/Subset1/20091212085917_40_6462818_Yleiskuvakamera.jpg	0
/home/vartiai6/CarImages/Subset1/20091212090147_40_6462822_Yleiskuvakamera.jpg	2
/home/vartiai6/CarImages/Subset1/20091212091042_40_6462854_Yleiskuvakamera.jpg	0
/home/vartiai6/CarImages/Subset1/20091212091746_40_6462876_Yleiskuvakamera.jpg	0
/home/vartiai6/CarImages/Subset1/20091212093252_40_6462961_Yleiskuvakamera.jpg	2
/home/vartiai6/CarImages/Subset1/20091212093525_40_6463002_Yleiskuvakamera.jpg	2
/home/vartiai6/CarImages/Subset1/20091212094248_40_6463065_Yleiskuvakamera.jpg	0
/home/vartiai6/CarImages/Subset1/20091212094534_40_6463075_Yleiskuvakamera.jpg	0
/home/vartiai6/CarImages/Subset1/20091212095153_40_6463097_Yleiskuvakamera.jpg	1
/home/vartiai6/CarImages/Subset1/20091212095441_40_6463107_Yleiskuvakamera.jpg	2
/home/vartiai6/CarImages/Subset1/20091212101632_40_6463245_Yleiskuvakamera.jpg	2
/home/vartiai6/CarImages/Subset1/20091212101707_40_6463249_Yleiskuvakamera.jpg	2
/home/vartiai6/CarImages/Subset1/20091212102214_40_6463273_Yleiskuvakamera.jpg	2
/home/vartiai6/CarImages/Subset1/20091212102257_40_6463276_Yleiskuvakamera.jpg	2
/home/vartiai6/CarImages/Subset1/20091212102647_40_6463292_Yleiskuvakamera.jpg	1
/home/vartiai6/CarImages/Subset1/20091212102807_40_6463295_Yleiskuvakamera.jpg	0
/home/vartiai6/CarImages/Subset1/20091212103603_40_6463312_Yleiskuvakamera.jpg	0
/home/vartiai6/CarImages/Subset1/20091212103641_40_6463320_Yleiskuvakamera.jpg	1
/home/vartiai6/CarImages/Subset1/20091212103907_40_6463332_Yleiskuvakamera.jpg	2
/home/vartiai6/CarImages/Subset1/20091212104243_40_6463371_Yleiskuvakamera.jpg	1
/home/vartiai6/CarImages/Subset1/20091212104646_40_6463414_Yleiskuvakamera.jpg	2
/home/vartiai6/CarImages/Subset1/20091212104927_40_6463420_Yleiskuvakamera.jpg	0
/home/vartiai6/CarImages/Subset1/20091212105253_40_6463427_Yleiskuvakamera.jpg	2
/home/vartiai6/CarImages/Subset1/20091212105408_40_6463431_Yleiskuvakamera.jpg	2
/home/vartiai6/CarImages/Subset1/20091212105903_40_6463442_Yleiskuvakamera.jpg	2
/home/vartiai6/CarImages/Subset1/20091212110532_40_6463448_Yleiskuvakamera.jpg	0
/home/vartiai6/CarImages/Subset1/20091212110800_40_6463459_Yleiskuvakamera.jpg	2
/home/vartiai6/CarImages/Subset1/20091212110930_40_6463462_Yleiskuvakamera.jpg	0
/home/vartiai6/CarImages/Subset1/20091212113047_40_6463485_Yleiskuvakamera.jpg	0
/home/vartiai6/CarImages/Subset1/20091212113302_40_6463491_Yleiskuvakamera.jpg	0
/home/vartiai6/CarImages/Subset1/20091212113528_40_6463494_Yleiskuvakamera.jpg	2
/home/vartiai6/CarImages/Subset1/20091212113752_40_6463495_Yleiskuvakamera.jpg	1
/home/vartiai6/CarImages/Subset1/20091212114309_40_6463500_Yleiskuvakamera.jpg	0
/home/vartiai6/CarImages/Subset1/20091212114740_40_6463506_Yleiskuvakamera.jpg	2
/home/vartiai6/CarImages/Subset1/20091212114826_40_6463508_Yleiskuvakamera.jpg	0
/home/vartiai6/CarImages/Subset1/20091212120210_40_6463522_Yleiskuvakamera.jpg	2
/home/vartiai6/CarImages/Subset1/20091212120313_40_6463526_Yleiskuvakamera.jpg	2
/home/vartiai6/CarImages/Subset1/20091212121035_40_6463537_Yleiskuvakamera.jpg	2
/home/vartiai6/CarImages/Subset1/20091212121613_40_6463543_Yleiskuvakamera.jpg	0
/home/vartiai6/CarImages/Subset1/20091212121842_40_6463547_Yleiskuvakamera.jpg	2
/home/vartiai6/CarImages/Subset1/20091212122904_40_6463561_Yleiskuvakamera.jpg	0
/home/vartiai6/CarImages/Subset1/20091212123308_40_6463566_Yleiskuvakamera.jpg	2
/home/vartiai6/CarImages/Subset1/20091212124802_40_6463579_Yleiskuvakamera.jpg	2
/home/vartiai6/CarImages/Subset1/20091212125250_40_6463583_Yleiskuvakamera.jpg	2
/home/vartiai6/CarImages/Subset1/20091212125508_40_6463588_Yleiskuvakamera.jpg	2
/home/vartiai6/CarImages/Subset1/20091212130024_40_6463592_Yleiskuvakamera.jpg	2
/home/vartiai6/CarImages/Subset1/20091212130920_40_6463627_Yleiskuvakamera.jpg	2
/home/vartiai6/CarImages/Subset1/20091212133135_40_6463690_Yleiskuvakamera.jpg	0
/home/vartiai6/CarImages/Subset1/20091212133642_40_6463725_Yleiskuvakamera.jpg	0
/home/vartiai6/CarImages/Subset1/20091212133948_40_6463770_Yleiskuvakamera.jpg	2
/home/vartiai6/CarImages/Subset1/20091212135047_40_6463840_Yleiskuvakamera.jpg	2
/home/vartiai6/CarImages/Subset1/20091212135414_40_6463862_Yleiskuvakamera.jpg	2
/home/vartiai6/CarImages/Subset1/20091212135904_40_6463874_Yleiskuvakamera.jpg	0
/home/vartiai6/CarImages/Subset1/20091212140935_40_6463892_Yleiskuvakamera.jpg	2
/home/vartiai6/CarImages/Subset1/20091212141914_40_6463900_Yleiskuvakamera.jpg	2
/home/vartiai6/CarImages/Subset1/20091212142257_40_6463906_Yleiskuvakamera.jpg	2
/home/vartiai6/CarImages/Subset1/20091212143051_40_6463911_Yleiskuvakamera.jpg	0
/home/vartiai6/CarImages/Subset1/20091212143353_40_6463913_Yleiskuvakamera.jpg	2
/home/vartiai6/CarImages/Subset1/20091212144157_40_6463917_Yleiskuvakamera.jpg	2
/home/vartiai6/CarImages/Subset1/20091212144909_40_6463922_Yleiskuvakamera.jpg	2
/home/vartiai6/CarImages/Subset1/20091212145404_40_6463927_Yleiskuvakamera.jpg	2
/home/vartiai6/CarImages/Subset1/20091212145939_40_6463931_Yleiskuvakamera.jpg	0
/home/vartiai6/CarImages/Subset1/20091212150942_40_6463954_Yleiskuvakamera.jpg	2
/home/vartiai6/CarImages/Subset1/20091212151453_40_6463960_Yleiskuvakamera.jpg	2
/home/vartiai6/CarImages/Subset1/20091212151953_40_6463967_Yleiskuvakamera.jpg	2
/home/vartiai6/CarImages/Subset1/20091212152424_40_6463970_Yleiskuvakamera.jpg	2
/home/vartiai6/CarImages/Subset1/20091212153750_40_6463988_Yleiskuvakamera.jpg	2
/home/vartiai6/CarImages/Subset1/20091212153940_40_6463994_Yleiskuvakamera.jpg	0
/home/vartiai6/CarImages/Subset1/20091212154611_40_6464006_Yleiskuvakamera.jpg	0
/home/vartiai6/CarImages/Subset1/20091212154725_40_6464008_Yleiskuvakamera.jpg	3
/home/vartiai6/CarImages/Subset1/20091212154750_40_6464009_Yleiskuvakamera.jpg	0
/home/vartiai6/CarImages/Subset1/20091212155745_40_6464049_Yleiskuvakamera.jpg	2
/home/vartiai6/CarImages/Subset1/20091212160153_40_6464063_Yleiskuvakamera.jpg	2
/home/vartiai6/CarImages/Subset1/20091212160309_40_6464082_Yleiskuvakamera.jpg	3
/home/vartiai6/CarImages/Subset1/20091212161815_40_6464209_Yleiskuvakamera.jpg	3
/home/vartiai6/CarImages/Subset1/20091212162152_40_6464231_Yleiskuvakamera.jpg	2
/home/vartiai6/CarImages/Subset1/20091212163010_40_6464259_Yleiskuvakamera.jpg	3
/home/vartiai6/CarImages/Subset1/20091212163507_40_6464309_Yleiskuvakamera.jpg	1
/home/vartiai6/CarImages/Subset1/20091212165010_40_6464378_Yleiskuvakamera.jpg	3
/home/vartiai6/CarImages/Subset1/20091212165023_40_6464383_Yleiskuvakamera.jpg	3
/home/vartiai6/CarImages/Subset1/20091212173407_40_6464484_Yleiskuvakamera.jpg	0
/home/vartiai6/CarImages/Subset1/20091212174546_40_6464513_Yleiskuvakamera.jpg	0
/home/vartiai6/CarImages/Subset1/20091212181640_40_6464539_Yleiskuvakamera.jpg	0
/home/vartiai6/CarImages/Subset1/20091212182044_40_6464552_Yleiskuvakamera.jpg	1
/home/vartiai6/CarImages/Subset1/20091212182224_40_6464557_Yleiskuvakamera.jpg	0
/home/vartiai6/CarImages/Subset1/20091212191307_40_6464643_Yleiskuvakamera.jpg	0
/home/vartiai6/CarImages/Subset1/20091212195833_40_6464800_Yleiskuvakamera.jpg	0
/home/vartiai6/CarImages/Subset1/20091212200503_40_6464848_Yleiskuvakamera.jpg	0
/home/vartiai6/CarImages/Subset1/20091212204433_40_6465069_Yleiskuvakamera.jpg	0
/home/vartiai6/CarImages/Subset1/20091212205103_40_6465092_Yleiskuvakamera.jpg	0
/home/vartiai6/CarImages/Subset1/20091212214233_40_6465217_Yleiskuvakamera.jpg	0
/home/vartiai6/CarImages/Subset1/20091213033624_40_6465296_Yleiskuvakamera.jpg	0
/home/vartiai6/CarImages/Subset1/20091213051000_40_6465301_Yleiskuvakamera.jpg	0
/home/vartiai6/CarImages/Subset1/20091213060622_40_6465310_Yleiskuvakamera.jpg	0
/home/vartiai6/CarImages/Subset1/20091213082338_40_6465541_Yleiskuvakamera.jpg	2
/home/vartiai6/CarImages/Subset1/20091213082953_40_6465557_Yleiskuvakamera.jpg	1
/home/vartiai6/CarImages/Subset1/20091213084923_40_6465606_Yleiskuvakamera.jpg	0
/home/vartiai6/CarImages/Subset1/20091213091520_40_6465772_Yleiskuvakamera.jpg	0
/home/vartiai6/CarImages/Subset1/20091213092424_40_6465826_Yleiskuvakamera.jpg	0
/home/vartiai6/CarImages/Subset1/20091213093147_40_6465872_Yleiskuvakamera.jpg	0
/home/vartiai6/CarImages/Subset1/20091213100807_40_6466170_Yleiskuvakamera.jpg	2
/home/vartiai6/CarImages/Subset1/20091213100830_40_6466172_Yleiskuvakamera.jpg	2
/home/vartiai6/CarImages/Subset1/20091213101516_40_6466192_Yleiskuvakamera.jpg	2
/home/vartiai6/CarImages/Subset1/20091213101853_40_6466196_Yleiskuvakamera.jpg	2
/home/vartiai6/CarImages/Subset1/20091213102648_40_6466202_Yleiskuvakamera.jpg	0
/home/vartiai6/CarImages/Subset1/20091213103823_40_6466222_Yleiskuvakamera.jpg	1
/home/vartiai6/CarImages/Subset1/20091213105924_40_6466420_Yleiskuvakamera.jpg	1
/home/vartiai6/CarImages/Subset1/20091213112631_40_6466443_Yleiskuvakamera.jpg	2
/home/vartiai6/CarImages/Subset1/20091213113023_40_6466446_Yleiskuvakamera.jpg	1
/home/vartiai6/CarImages/Subset1/20091213113833_40_6466452_Yleiskuvakamera.jpg	2
/home/vartiai6/CarImages/Subset1/20091213114028_40_6466453_Yleiskuvakamera.jpg	2
/home/vartiai6/CarImages/Subset1/20091213120526_40_6466471_Yleiskuvakamera.jpg	1
/home/vartiai6/CarImages/Subset1/20091213120756_40_6466475_Yleiskuvakamera.jpg	0
/home/vartiai6/CarImages/Subset1/20091213121833_40_6466492_Yleiskuvakamera.jpg	0
/home/vartiai6/CarImages/Subset1/20091213122039_40_6466494_Yleiskuvakamera.jpg	2
/home/vartiai6/CarImages/Subset1/20091213123640_40_6466501_Yleiskuvakamera.jpg	2
/home/vartiai6/CarImages/Subset1/20091213124437_40_6466507_Yleiskuvakamera.jpg	2
/home/vartiai6/CarImages/Subset1/20091213125556_40_6466532_Yleiskuvakamera.jpg	0
/home/vartiai6/CarImages/Subset1/20091213125634_40_6466540_Yleiskuvakamera.jpg	2
/home/vartiai6/CarImages/Subset1/20091213130242_40_6466556_Yleiskuvakamera.jpg	2
/home/vartiai6/CarImages/Subset1/20091213130322_40_6466557_Yleiskuvakamera.jpg	0
/home/vartiai6/CarImages/Subset1/20091213130331_40_6466564_Yleiskuvakamera.jpg	0
/home/vartiai6/CarImages/Subset1/20091213131834_40_6466711_Yleiskuvakamera.jpg	0
/home/vartiai6/CarImages/Subset1/20091213140315_40_6466929_Yleiskuvakamera.jpg	0
/home/vartiai6/CarImages/Subset1/20091213140508_40_6466931_Yleiskuvakamera.jpg	2
/home/vartiai6/CarImages/Subset1/20091213141128_40_6466941_Yleiskuvakamera.jpg	0
/home/vartiai6/CarImages/Subset1/20091213142401_40_6466961_Yleiskuvakamera.jpg	2
/home/vartiai6/CarImages/Subset1/20091213142905_40_6466964_Yleiskuvakamera.jpg	2
/home/vartiai6/CarImages/Subset1/20091213144920_40_6466977_Yleiskuvakamera.jpg	2
/home/vartiai6/CarImages/Subset1/20091213150532_40_6466995_Yleiskuvakamera.jpg	2
/home/vartiai6/CarImages/Subset1/20091213151738_40_6467012_Yleiskuvakamera.jpg	2
/home/vartiai6/CarImages/Subset1/20091213151859_40_6467014_Yleiskuvakamera.jpg	2
/home/vartiai6/CarImages/Subset1/20091213152310_40_6467020_Yleiskuvakamera.jpg	2
/home/vartiai6/CarImages/Subset1/20091213154131_40_6467040_Yleiskuvakamera.jpg	2
/home/vartiai6/CarImages/Subset1/20091213154523_40_6467049_Yleiskuvakamera.jpg	2
/home/vartiai6/CarImages/Subset1/20091213154813_40_6467052_Yleiskuvakamera.jpg	2
/home/vartiai6/CarImages/Subset1/20091213155733_40_6467074_Yleiskuvakamera.jpg	0
/home/vartiai6/CarImages/Subset1/20091213160255_40_6467112_Yleiskuvakamera.jpg	2
/home/vartiai6/CarImages/Subset1/20091213160952_40_6467150_Yleiskuvakamera.jpg	3
/home/vartiai6/CarImages/Subset1/20091213161014_40_6467153_Yleiskuvakamera.jpg	1
/home/vartiai6/CarImages/Subset1/20091213161715_40_6467243_Yleiskuvakamera.jpg	3
/home/vartiai6/CarImages/Subset1/20091213162247_40_6467257_Yleiskuvakamera.jpg	1
/home/vartiai6/CarImages/Subset1/20091213162806_40_6467281_Yleiskuvakamera.jpg	2
/home/vartiai6/CarImages/Subset1/20091213163809_40_6467412_Yleiskuvakamera.jpg	0
/home/vartiai6/CarImages/Subset1/20091213173135_40_6467563_Yleiskuvakamera.jpg	2
/home/vartiai6/CarImages/Subset1/20091213174706_40_6467615_Yleiskuvakamera.jpg	0
/home/vartiai6/CarImages/Subset1/20091213200343_40_6468404_Yleiskuvakamera.jpg	1
/home/vartiai6/CarImages/Subset1/20091213200833_40_6468488_Yleiskuvakamera.jpg	0
/home/vartiai6/CarImages/Subset1/20091214031649_40_6469274_Yleiskuvakamera.jpg	0
/home/vartiai6/CarImages/Subset1/20091214055451_40_6469308_Yleiskuvakamera.jpg	0
/home/vartiai6/CarImages/Subset1/20091214063426_40_6469401_Yleiskuvakamera.jpg	0
/home/vartiai6/CarImages/Subset1/20091214065933_40_6469581_Yleiskuvakamera.jpg	2
/home/vartiai6/CarImages/Subset1/20091214070359_40_6469628_Yleiskuvakamera.jpg	2
/home/vartiai6/CarImages/Subset1/20091214073814_40_6470018_Yleiskuvakamera.jpg	0
/home/vartiai6/CarImages/Subset1/20091214073940_40_6470048_Yleiskuvakamera.jpg	1
/home/vartiai6/CarImages/Subset1/20091214074552_40_6470170_Yleiskuvakamera.jpg	2
/home/vartiai6/CarImages/Subset1/20091214075926_40_6470229_Yleiskuvakamera.jpg	0
/home/vartiai6/CarImages/Subset1/20091214081738_40_6470334_Yleiskuvakamera.jpg	0
/home/vartiai6/CarImages/Subset1/20091214090954_40_6470577_Yleiskuvakamera.jpg	2
/home/vartiai6/CarImages/Subset1/20091214091100_40_6470579_Yleiskuvakamera.jpg	0
/home/vartiai6/CarImages/Subset1/20091214091221_40_6470584_Yleiskuvakamera.jpg	2
/home/vartiai6/CarImages/Subset1/20091214091418_40_6470596_Yleiskuvakamera.jpg	2
/home/vartiai6/CarImages/Subset1/20091214092056_40_6470624_Yleiskuvakamera.jpg	2
/home/vartiai6/CarImages/Subset1/20091214092215_40_6470628_Yleiskuvakamera.jpg	0
/home/vartiai6/CarImages/Subset1/20091214092328_40_6470641_Yleiskuvakamera.jpg	0
/home/vartiai6/CarImages/Subset1/20091214092902_40_6470673_Yleiskuvakamera.jpg	2
/home/vartiai6/CarImages/Subset1/20091214093519_40_6470708_Yleiskuvakamera.jpg	0
/home/vartiai6/CarImages/Subset1/20091214093537_40_6470714_Yleiskuvakamera.jpg	0
/home/vartiai6/CarImages/Subset1/20091214093629_40_6470719_Yleiskuvakamera.jpg	0
/home/vartiai6/CarImages/Subset1/20091214093805_40_6470730_Yleiskuvakamera.jpg	0
/home/vartiai6/CarImages/Subset1/20091214093819_40_6470732_Yleiskuvakamera.jpg	0
/home/vartiai6/CarImages/Subset1/20091214094302_40_6470768_Yleiskuvakamera.jpg	2
/home/vartiai6/CarImages/Subset1/20091214094518_40_6470775_Yleiskuvakamera.jpg	2
/home/vartiai6/CarImages/Subset1/20091214095338_40_6470862_Yleiskuvakamera.jpg	2
/home/vartiai6/CarImages/Subset1/20091214100752_40_6471216_Yleiskuvakamera.jpg	0
/home/vartiai6/CarImages/Subset1/20091214101355_40_6471376_Yleiskuvakamera.jpg	2
/home/vartiai6/CarImages/Subset1/20091214101623_40_6471392_Yleiskuvakamera.jpg	2
/home/vartiai6/CarImages/Subset1/20091214101731_40_6471399_Yleiskuvakamera.jpg	1
/home/vartiai6/CarImages/Subset1/20091214101743_40_6471400_Yleiskuvakamera.jpg	2
/home/vartiai6/CarImages/Subset1/20091214101837_40_6471406_Yleiskuvakamera.jpg	1
/home/vartiai6/CarImages/Subset1/20091214102228_40_6471468_Yleiskuvakamera.jpg	1
/home/vartiai6/CarImages/Subset1/20091214102506_40_6471486_Yleiskuvakamera.jpg	2
/home/vartiai6/CarImages/Subset1/20091214102611_40_6471491_Yleiskuvakamera.jpg	0
/home/vartiai6/CarImages/Subset1/20091214103117_40_6471513_Yleiskuvakamera.jpg	2
/home/vartiai6/CarImages/Subset1/20091214103751_40_6471545_Yleiskuvakamera.jpg	2
/home/vartiai6/CarImages/Subset1/20091214103843_40_6471561_Yleiskuvakamera.jpg	2
/home/vartiai6/CarImages/Subset1/20091214104001_40_6471569_Yleiskuvakamera.jpg	2
/home/vartiai6/CarImages/Subset1/20091214104116_40_6471577_Yleiskuvakamera.jpg	2
/home/vartiai6/CarImages/Subset1/20091214104125_40_6471580_Yleiskuvakamera.jpg	1
/home/vartiai6/CarImages/Subset1/20091214104406_40_6471629_Yleiskuvakamera.jpg	1
/home/vartiai6/CarImages/Subset1/20091214104455_40_6471638_Yleiskuvakamera.jpg	1
/home/vartiai6/CarImages/Subset1/20091214105046_40_6471693_Yleiskuvakamera.jpg	2
/home/vartiai6/CarImages/Subset1/20091214105738_40_6471801_Yleiskuvakamera.jpg	2
/home/vartiai6/CarImages/Subset1/20091214110530_40_6471947_Yleiskuvakamera.jpg	2
/home/vartiai6/CarImages/Subset1/20091214110738_40_6471956_Yleiskuvakamera.jpg	1
/home/vartiai6/CarImages/Subset1/20091214110837_40_6471959_Yleiskuvakamera.jpg	1
/home/vartiai6/CarImages/Subset1/20091214110923_40_6471964_Yleiskuvakamera.jpg	2
/home/vartiai6/CarImages/Subset1/20091214112041_40_6472009_Yleiskuvakamera.jpg	1
/home/vartiai6/CarImages/Subset1/20091214112100_40_6472015_Yleiskuvakamera.jpg	1
/home/vartiai6/CarImages/Subset1/20091214112256_40_6472020_Yleiskuvakamera.jpg	2
/home/vartiai6/CarImages/Subset1/20091214112357_40_6472024_Yleiskuvakamera.jpg	1
/home/vartiai6/CarImages/Subset1/20091214112609_40_6472030_Yleiskuvakamera.jpg	1
/home/vartiai6/CarImages/Subset1/20091214113147_40_6472052_Yleiskuvakamera.jpg	0
/home/vartiai6/CarImages/Subset1/20091214113255_40_6472053_Yleiskuvakamera.jpg	1
/home/vartiai6/CarImages/Subset1/20091214113759_40_6472071_Yleiskuvakamera.jpg	1
/home/vartiai6/CarImages/Subset1/20091214113910_40_6472080_Yleiskuvakamera.jpg	2
/home/vartiai6/CarImages/Subset1/20091214114048_40_6472084_Yleiskuvakamera.jpg	1
/home/vartiai6/CarImages/Subset1/20091214114141_40_6472091_Yleiskuvakamera.jpg	2
/home/vartiai6/CarImages/Subset1/20091214114244_40_6472093_Yleiskuvakamera.jpg	1
/home/vartiai6/CarImages/Subset1/20091214115224_40_6472129_Yleiskuvakamera.jpg	0
/home/vartiai6/CarImages/Subset1/20091214115231_40_6472130_Yleiskuvakamera.jpg	1
/home/vartiai6/CarImages/Subset1/20091214121038_40_6472211_Yleiskuvakamera.jpg	1
/home/vartiai6/CarImages/Subset1/20091214121456_40_6472225_Yleiskuvakamera.jpg	2
/home/vartiai6/CarImages/Subset1/20091214121732_40_6472236_Yleiskuvakamera.jpg	2
/home/vartiai6/CarImages/Subset1/20091214121803_40_6472239_Yleiskuvakamera.jpg	0
/home/vartiai6/CarImages/Subset1/20091214121951_40_6472245_Yleiskuvakamera.jpg	1
/home/vartiai6/CarImages/Subset1/20091214121958_40_6472246_Yleiskuvakamera.jpg	1
/home/vartiai6/CarImages/Subset1/20091214123318_40_6472313_Yleiskuvakamera.jpg	0
/home/vartiai6/CarImages/Subset1/20091214123523_40_6472323_Yleiskuvakamera.jpg	2
/home/vartiai6/CarImages/Subset1/20091214124516_40_6472358_Yleiskuvakamera.jpg	2
/home/vartiai6/CarImages/Subset1/20091214124848_40_6472381_Yleiskuvakamera.jpg	2
/home/vartiai6/CarImages/Subset1/20091214125041_40_6472386_Yleiskuvakamera.jpg	0
/home/vartiai6/CarImages/Subset1/20091214125722_40_6472418_Yleiskuvakamera.jpg	0
/home/vartiai6/CarImages/Subset1/20091214130128_40_6472444_Yleiskuvakamera.jpg	2
/home/vartiai6/CarImages/Subset1/20091214130240_40_6472458_Yleiskuvakamera.jpg	2
/home/vartiai6/CarImages/Subset1/20091214131024_40_6472525_Yleiskuvakamera.jpg	0
/home/vartiai6/CarImages/Subset1/20091214132054_40_6472680_Yleiskuvakamera.jpg	1
/home/vartiai6/CarImages/Subset1/20091214132610_40_6472721_Yleiskuvakamera.jpg	2
/home/vartiai6/CarImages/Subset1/20091214132744_40_6472733_Yleiskuvakamera.jpg	1
/home/vartiai6/CarImages/Subset1/20091214133503_40_6472784_Yleiskuvakamera.jpg	2
/home/vartiai6/CarImages/Subset1/20091214133739_40_6472801_Yleiskuvakamera.jpg	2
/home/vartiai6/CarImages/Subset1/20091214134106_40_6472827_Yleiskuvakamera.jpg	0
/home/vartiai6/CarImages/Subset1/20091214134114_40_6472828_Yleiskuvakamera.jpg	0
/home/vartiai6/CarImages/Subset1/20091214134620_40_6472865_Yleiskuvakamera.jpg	2
/home/vartiai6/CarImages/Subset1/20091214134730_40_6472871_Yleiskuvakamera.jpg	2
/home/vartiai6/CarImages/Subset1/20091214134944_40_6472880_Yleiskuvakamera.jpg	0
/home/vartiai6/CarImages/Subset1/20091214135611_40_6472918_Yleiskuvakamera.jpg	1
/home/vartiai6/CarImages/Subset1/20091214135736_40_6472928_Yleiskuvakamera.jpg	2
/home/vartiai6/CarImages/Subset1/20091214140023_40_6472953_Yleiskuvakamera.jpg	2
/home/vartiai6/CarImages/Subset1/20091214140122_40_6472965_Yleiskuvakamera.jpg	2
/home/vartiai6/CarImages/Subset1/20091214140233_40_6472975_Yleiskuvakamera.jpg	2
/home/vartiai6/CarImages/Subset1/20091214140252_40_6472980_Yleiskuvakamera.jpg	2
/home/vartiai6/CarImages/Subset1/20091214140356_40_6472988_Yleiskuvakamera.jpg	2
/home/vartiai6/CarImages/Subset1/20091214140522_40_6473002_Yleiskuvakamera.jpg	1
/home/vartiai6/CarImages/Subset1/20091214140643_40_6473018_Yleiskuvakamera.jpg	2
/home/vartiai6/CarImages/Subset1/20091214140958_40_6473046_Yleiskuvakamera.jpg	2
/home/vartiai6/CarImages/Subset1/20091214141429_40_6473084_Yleiskuvakamera.jpg	2
/home/vartiai6/CarImages/Subset1/20091214141608_40_6473087_Yleiskuvakamera.jpg	0
/home/vartiai6/CarImages/Subset1/20091214142405_40_6473123_Yleiskuvakamera.jpg	0
/home/vartiai6/CarImages/Subset1/20091214142727_40_6473134_Yleiskuvakamera.jpg	2
/home/vartiai6/CarImages/Subset1/20091214142953_40_6473143_Yleiskuvakamera.jpg	1
/home/vartiai6/CarImages/Subset1/20091214143007_40_6473145_Yleiskuvakamera.jpg	2
/home/vartiai6/CarImages/Subset1/20091214143314_40_6473161_Yleiskuvakamera.jpg	2
/home/vartiai6/CarImages/Subset1/20091214143627_40_6473170_Yleiskuvakamera.jpg	2
/home/vartiai6/CarImages/Subset1/20091214143902_40_6473175_Yleiskuvakamera.jpg	2
/home/vartiai6/CarImages/Subset1/20091214144144_40_6473194_Yleiskuvakamera.jpg	2
/home/vartiai6/CarImages/Subset1/20091214144343_40_6473205_Yleiskuvakamera.jpg	1
/home/vartiai6/CarImages/Subset1/20091214144637_40_6473216_Yleiskuvakamera.jpg	2
/home/vartiai6/CarImages/Subset1/20091214144900_40_6473225_Yleiskuvakamera.jpg	0
/home/vartiai6/CarImages/Subset1/20091214145116_40_6473231_Yleiskuvakamera.jpg	2
/home/vartiai6/CarImages/Subset1/20091214145218_40_6473236_Yleiskuvakamera.jpg	2
/home/vartiai6/CarImages/Subset1/20091214145843_40_6473259_Yleiskuvakamera.jpg	0
/home/vartiai6/CarImages/Subset1/20091214150332_40_6473293_Yleiskuvakamera.jpg	0
/home/vartiai6/CarImages/Subset1/20091214150349_40_6473295_Yleiskuvakamera.jpg	2
/home/vartiai6/CarImages/Subset1/20091214150915_40_6473322_Yleiskuvakamera.jpg	2
/home/vartiai6/CarImages/Subset1/20091214151017_40_6473326_Yleiskuvakamera.jpg	2
/home/vartiai6/CarImages/Subset1/20091214151511_40_6473354_Yleiskuvakamera.jpg	2
/home/vartiai6/CarImages/Subset1/20091214151634_40_6473359_Yleiskuvakamera.jpg	2
/home/vartiai6/CarImages/Subset1/20091214151932_40_6473369_Yleiskuvakamera.jpg	1
/home/vartiai6/CarImages/Subset1/20091214152031_40_6473374_Yleiskuvakamera.jpg	2
/home/vartiai6/CarImages/Subset1/20091214152148_40_6473383_Yleiskuvakamera.jpg	2
/home/vartiai6/CarImages/Subset1/20091214152851_40_6473405_Yleiskuvakamera.jpg	2
/home/vartiai6/CarImages/Subset1/20091214153428_40_6473425_Yleiskuvakamera.jpg	2
/home/vartiai6/CarImages/Subset1/20091214153540_40_6473432_Yleiskuvakamera.jpg	2
/home/vartiai6/CarImages/Subset1/20091214153951_40_6473448_Yleiskuvakamera.jpg	2
/home/vartiai6/CarImages/Subset1/20091214154610_40_6473468_Yleiskuvakamera.jpg	2
/home/vartiai6/CarImages/Subset1/20091214155105_40_6473489_Yleiskuvakamera.jpg	1
/home/vartiai6/CarImages/Subset1/20091214155811_40_6473537_Yleiskuvakamera.jpg	1
/home/vartiai6/CarImages/Subset1/20091214155853_40_6473546_Yleiskuvakamera.jpg	2
/home/vartiai6/CarImages/Subset1/20091214160406_40_6473585_Yleiskuvakamera.jpg	2
/home/vartiai6/CarImages/Subset1/20091214160626_40_6473618_Yleiskuvakamera.jpg	2
/home/vartiai6/CarImages/Subset1/20091214160843_40_6473640_Yleiskuvakamera.jpg	2
/home/vartiai6/CarImages/Subset1/20091214161134_40_6473685_Yleiskuvakamera.jpg	2
/home/vartiai6/CarImages/Subset1/20091214161757_40_6473795_Yleiskuvakamera.jpg	2
/home/vartiai6/CarImages/Subset1/20091214162936_40_6473878_Yleiskuvakamera.jpg	2
/home/vartiai6/CarImages/Subset1/20091214163526_40_6473926_Yleiskuvakamera.jpg	2
/home/vartiai6/CarImages/Subset1/20091214170007_40_6474095_Yleiskuvakamera.jpg	2
/home/vartiai6/CarImages/Subset1/20091214171447_40_6474145_Yleiskuvakamera.jpg	0
/home/vartiai6/CarImages/Subset1/20091214184630_40_6474480_Yleiskuvakamera.jpg	2
/home/vartiai6/CarImages/Subset1/20091214191336_40_6474560_Yleiskuvakamera.jpg	0
/home/vartiai6/CarImages/Subset1/20091214213817_40_6475582_Yleiskuvakamera.jpg	0
/home/vartiai6/CarImages/Subset1/20091214233909_40_6475762_Yleiskuvakamera.jpg	0
/home/vartiai6/CarImages/Subset1/20091215002253_40_6475768_Yleiskuvakamera.jpg	0
/home/vartiai6/CarImages/Subset1/20091215053441_40_6475797_Yleiskuvakamera.jpg	0
/home/vartiai6/CarImages/Subset1/20091215061621_40_6475832_Yleiskuvakamera.jpg	0
/home/vartiai6/CarImages/Subset1/20091215064334_40_6475951_Yleiskuvakamera.jpg	0
/home/vartiai6/CarImages/Subset1/20091215064528_40_6475964_Yleiskuvakamera.jpg	0
/home/vartiai6/CarImages/Subset1/20091215065226_40_6476013_Yleiskuvakamera.jpg	0
/home/vartiai6/CarImages/Subset1/20091215071443_40_6476249_Yleiskuvakamera.jpg	0
/home/vartiai6/CarImages/Subset1/20091215071632_40_6476290_Yleiskuvakamera.jpg	2
/home/vartiai6/CarImages/Subset1/20091215072341_40_6476345_Yleiskuvakamera.jpg	0
/home/vartiai6/CarImages/Subset1/20091215073210_40_6476448_Yleiskuvakamera.jpg	1
/home/vartiai6/CarImages/Subset1/20091215074057_40_6476574_Yleiskuvakamera.jpg	2
/home/vartiai6/CarImages/Subset1/20091215074722_40_6476647_Yleiskuvakamera.jpg	0
/home/vartiai6/CarImages/Subset1/20091215074817_40_6476656_Yleiskuvakamera.jpg	0
/home/vartiai6/CarImages/Subset1/20091215080340_40_6476729_Yleiskuvakamera.jpg	2
/home/vartiai6/CarImages/Subset1/20091215081256_40_6476758_Yleiskuvakamera.jpg	0
/home/vartiai6/CarImages/Subset1/20091215082434_40_6476794_Yleiskuvakamera.jpg	2
/home/vartiai6/CarImages/Subset1/20091215082753_40_6476803_Yleiskuvakamera.jpg	2
/home/vartiai6/CarImages/Subset1/20091215083125_40_6476810_Yleiskuvakamera.jpg	1
/home/vartiai6/CarImages/Subset1/20091215084449_40_6476849_Yleiskuvakamera.jpg	0
/home/vartiai6/CarImages/Subset1/20091215084846_40_6476860_Yleiskuvakamera.jpg	1
/home/vartiai6/CarImages/Subset1/20091215085752_40_6476883_Yleiskuvakamera.jpg	0
/home/vartiai6/CarImages/Subset1/20091215091136_40_6476939_Yleiskuvakamera.jpg	0
/home/vartiai6/CarImages/Subset1/20091215091842_40_6476968_Yleiskuvakamera.jpg	0
/home/vartiai6/CarImages/Subset1/20091215092228_40_6476982_Yleiskuvakamera.jpg	1
/home/vartiai6/CarImages/Subset1/20091215092255_40_6476985_Yleiskuvakamera.jpg	0
/home/vartiai6/CarImages/Subset1/20091215092514_40_6476993_Yleiskuvakamera.jpg	0
/home/vartiai6/CarImages/Subset1/20091215093707_40_6477054_Yleiskuvakamera.jpg	2
/home/vartiai6/CarImages/Subset1/20091215094509_40_6477161_Yleiskuvakamera.jpg	0
/home/vartiai6/CarImages/Subset1/20091215094626_40_6477170_Yleiskuvakamera.jpg	0
/home/vartiai6/CarImages/Subset1/20091215095103_40_6477212_Yleiskuvakamera.jpg	0
/home/vartiai6/CarImages/Subset1/20091215095956_40_6477372_Yleiskuvakamera.jpg	0
/home/vartiai6/CarImages/Subset1/20091215100721_40_6477509_Yleiskuvakamera.jpg	2
/home/vartiai6/CarImages/Subset1/20091215101051_40_6477531_Yleiskuvakamera.jpg	2
/home/vartiai6/CarImages/Subset1/20091215101322_40_6477542_Yleiskuvakamera.jpg	0
/home/vartiai6/CarImages/Subset1/20091215102128_40_6477593_Yleiskuvakamera.jpg	1
/home/vartiai6/CarImages/Subset1/20091215102214_40_6477595_Yleiskuvakamera.jpg	1
/home/vartiai6/CarImages/Subset1/20091215102256_40_6477598_Yleiskuvakamera.jpg	2
/home/vartiai6/CarImages/Subset1/20091215102403_40_6477603_Yleiskuvakamera.jpg	2
/home/vartiai6/CarImages/Subset1/20091215102425_40_6477606_Yleiskuvakamera.jpg	2
/home/vartiai6/CarImages/Subset1/20091215103208_40_6477663_Yleiskuvakamera.jpg	0
/home/vartiai6/CarImages/Subset1/20091215103334_40_6477670_Yleiskuvakamera.jpg	2
/home/vartiai6/CarImages/Subset1/20091215104715_40_6477825_Yleiskuvakamera.jpg	1
/home/vartiai6/CarImages/Subset1/20091215104834_40_6477839_Yleiskuvakamera.jpg	1
/home/vartiai6/CarImages/Subset1/20091215105105_40_6477865_Yleiskuvakamera.jpg	2
/home/vartiai6/CarImages/Subset1/20091215105352_40_6477893_Yleiskuvakamera.jpg	1
/home/vartiai6/CarImages/Subset1/20091215105456_40_6477896_Yleiskuvakamera.jpg	2
/home/vartiai6/CarImages/Subset1/20091215105846_40_6477930_Yleiskuvakamera.jpg	2
/home/vartiai6/CarImages/Subset1/20091215110340_40_6477963_Yleiskuvakamera.jpg	2
/home/vartiai6/CarImages/Subset1/20091215110619_40_6477972_Yleiskuvakamera.jpg	2
/home/vartiai6/CarImages/Subset1/20091215110836_40_6477983_Yleiskuvakamera.jpg	2
/home/vartiai6/CarImages/Subset1/20091215111228_40_6477991_Yleiskuvakamera.jpg	2
/home/vartiai6/CarImages/Subset1/20091215111307_40_6477993_Yleiskuvakamera.jpg	1
/home/vartiai6/CarImages/Subset1/20091215111314_40_6477995_Yleiskuvakamera.jpg	0
/home/vartiai6/CarImages/Subset1/20091215111943_40_6478017_Yleiskuvakamera.jpg	0
/home/vartiai6/CarImages/Subset1/20091215112104_40_6478022_Yleiskuvakamera.jpg	1
/home/vartiai6/CarImages/Subset1/20091215112245_40_6478030_Yleiskuvakamera.jpg	2
/home/vartiai6/CarImages/Subset1/20091215112255_40_6478031_Yleiskuvakamera.jpg	2
/home/vartiai6/CarImages/Subset1/20091215112459_40_6478038_Yleiskuvakamera.jpg	1
/home/vartiai6/CarImages/Subset1/20091215112711_40_6478048_Yleiskuvakamera.jpg	1
/home/vartiai6/CarImages/Subset1/20091215112720_40_6478049_Yleiskuvakamera.jpg	1
/home/vartiai6/CarImages/Subset1/20091215112946_40_6478056_Yleiskuvakamera.jpg	1
/home/vartiai6/CarImages/Subset1/20091215113213_40_6478069_Yleiskuvakamera.jpg	1
/home/vartiai6/CarImages/Subset1/20091215114443_40_6478116_Yleiskuvakamera.jpg	1
/home/vartiai6/CarImages/Subset1/20091215114713_40_6478135_Yleiskuvakamera.jpg	1
/home/vartiai6/CarImages/Subset1/20091215114838_40_6478143_Yleiskuvakamera.jpg	0
/home/vartiai6/CarImages/Subset1/20091215115452_40_6478169_Yleiskuvakamera.jpg	2
/home/vartiai6/CarImages/Subset1/20091215115537_40_6478170_Yleiskuvakamera.jpg	1
/home/vartiai6/CarImages/Subset1/20091215115944_40_6478187_Yleiskuvakamera.jpg	0
/home/vartiai6/CarImages/Subset1/20091215120449_40_6478207_Yleiskuvakamera.jpg	0
/home/vartiai6/CarImages/Subset1/20091215120751_40_6478213_Yleiskuvakamera.jpg	0
/home/vartiai6/CarImages/Subset1/20091215120957_40_6478219_Yleiskuvakamera.jpg	1
/home/vartiai6/CarImages/Subset1/20091215121118_40_6478227_Yleiskuvakamera.jpg	2
/home/vartiai6/CarImages/Subset1/20091215121138_40_6478228_Yleiskuvakamera.jpg	2
/home/vartiai6/CarImages/Subset1/20091215121146_40_6478229_Yleiskuvakamera.jpg	1
/home/vartiai6/CarImages/Subset1/20091215121748_40_6478248_Yleiskuvakamera.jpg	2
/home/vartiai6/CarImages/Subset1/20091215122013_40_6478253_Yleiskuvakamera.jpg	2
/home/vartiai6/CarImages/Subset1/20091215122228_40_6478264_Yleiskuvakamera.jpg	0
/home/vartiai6/CarImages/Subset1/20091215122352_40_6478269_Yleiskuvakamera.jpg	2
/home/vartiai6/CarImages/Subset1/20091215122500_40_6478273_Yleiskuvakamera.jpg	1
/home/vartiai6/CarImages/Subset1/20091215122548_40_6478278_Yleiskuvakamera.jpg	1
/home/vartiai6/CarImages/Subset1/20091215123128_40_6478296_Yleiskuvakamera.jpg	0
/home/vartiai6/CarImages/Subset1/20091215123239_40_6478298_Yleiskuvakamera.jpg	0
/home/vartiai6/CarImages/Subset1/20091215123532_40_6478306_Yleiskuvakamera.jpg	1
/home/vartiai6/CarImages/Subset1/20091215123821_40_6478313_Yleiskuvakamera.jpg	1
/home/vartiai6/CarImages/Subset1/20091215124004_40_6478319_Yleiskuvakamera.jpg	2
/home/vartiai6/CarImages/Subset1/20091215124124_40_6478323_Yleiskuvakamera.jpg	2
/home/vartiai6/CarImages/Subset1/20091215124227_40_6478329_Yleiskuvakamera.jpg	0
/home/vartiai6/CarImages/Subset1/20091215124612_40_6478341_Yleiskuvakamera.jpg	1
/home/vartiai6/CarImages/Subset1/20091215124826_40_6478356_Yleiskuvakamera.jpg	1
/home/vartiai6/CarImages/Subset1/20091215125325_40_6478377_Yleiskuvakamera.jpg	1
/home/vartiai6/CarImages/Subset1/20091215125909_40_6478403_Yleiskuvakamera.jpg	2
/home/vartiai6/CarImages/Subset1/20091215130332_40_6478419_Yleiskuvakamera.jpg	2
/home/vartiai6/CarImages/Subset1/20091215130513_40_6478436_Yleiskuvakamera.jpg	0
/home/vartiai6/CarImages/Subset1/20091215131337_40_6478560_Yleiskuvakamera.jpg	1
/home/vartiai6/CarImages/Subset1/20091215131553_40_6478588_Yleiskuvakamera.jpg	0
/home/vartiai6/CarImages/Subset1/20091215131628_40_6478607_Yleiskuvakamera.jpg	0
/home/vartiai6/CarImages/Subset1/20091215132003_40_6478645_Yleiskuvakamera.jpg	2
/home/vartiai6/CarImages/Subset1/20091215133613_40_6478739_Yleiskuvakamera.jpg	2
/home/vartiai6/CarImages/Subset1/20091215133642_40_6478742_Yleiskuvakamera.jpg	0
/home/vartiai6/CarImages/Subset1/20091215133719_40_6478744_Yleiskuvakamera.jpg	0
/home/vartiai6/CarImages/Subset1/20091215134132_40_6478764_Yleiskuvakamera.jpg	0
/home/vartiai6/CarImages/Subset1/20091215134724_40_6478797_Yleiskuvakamera.jpg	1
/home/vartiai6/CarImages/Subset1/20091215135246_40_6478837_Yleiskuvakamera.jpg	2
/home/vartiai6/CarImages/Subset1/20091215135552_40_6478867_Yleiskuvakamera.jpg	2
/home/vartiai6/CarImages/Subset1/20091215135840_40_6478890_Yleiskuvakamera.jpg	2
/home/vartiai6/CarImages/Subset1/20091215141322_40_6478985_Yleiskuvakamera.jpg	0
/home/vartiai6/CarImages/Subset1/20091215141605_40_6478993_Yleiskuvakamera.jpg	0
/home/vartiai6/CarImages/Subset1/20091215141709_40_6479000_Yleiskuvakamera.jpg	0
/home/vartiai6/CarImages/Subset1/20091215142151_40_6479011_Yleiskuvakamera.jpg	2
/home/vartiai6/CarImages/Subset1/20091215142246_40_6479013_Yleiskuvakamera.jpg	2
/home/vartiai6/CarImages/Subset1/20091215142940_40_6479040_Yleiskuvakamera.jpg	0
/home/vartiai6/CarImages/Subset1/20091215143254_40_6479060_Yleiskuvakamera.jpg	2
/home/vartiai6/CarImages/Subset1/20091215143450_40_6479067_Yleiskuvakamera.jpg	2
/home/vartiai6/CarImages/Subset1/20091215143619_40_6479072_Yleiskuvakamera.jpg	0
/home/vartiai6/CarImages/Subset1/20091215143854_40_6479079_Yleiskuvakamera.jpg	2
/home/vartiai6/CarImages/Subset1/20091215144002_40_6479085_Yleiskuvakamera.jpg	1
/home/vartiai6/CarImages/Subset1/20091215144016_40_6479087_Yleiskuvakamera.jpg	1
/home/vartiai6/CarImages/Subset1/20091215144126_40_6479100_Yleiskuvakamera.jpg	2
/home/vartiai6/CarImages/Subset1/20091215144336_40_6479111_Yleiskuvakamera.jpg	1
/home/vartiai6/CarImages/Subset1/20091215144724_40_6479128_Yleiskuvakamera.jpg	1
/home/vartiai6/CarImages/Subset1/20091215145220_40_6479142_Yleiskuvakamera.jpg	1
/home/vartiai6/CarImages/Subset1/20091215145335_40_6479145_Yleiskuvakamera.jpg	0
/home/vartiai6/CarImages/Subset1/20091215145505_40_6479157_Yleiskuvakamera.jpg	2
/home/vartiai6/CarImages/Subset1/20091215145736_40_6479170_Yleiskuvakamera.jpg	2
/home/vartiai6/CarImages/Subset1/20091215145837_40_6479176_Yleiskuvakamera.jpg	2
/home/vartiai6/CarImages/Subset1/20091215150007_40_6479180_Yleiskuvakamera.jpg	2
/home/vartiai6/CarImages/Subset1/20091215150228_40_6479190_Yleiskuvakamera.jpg	2
/home/vartiai6/CarImages/Subset1/20091215150730_40_6479202_Yleiskuvakamera.jpg	1
/home/vartiai6/CarImages/Subset1/20091215151132_40_6479220_Yleiskuvakamera.jpg	2
/home/vartiai6/CarImages/Subset1/20091215151622_40_6479234_Yleiskuvakamera.jpg	2
/home/vartiai6/CarImages/Subset1/20091215151721_40_6479238_Yleiskuvakamera.jpg	2
/home/vartiai6/CarImages/Subset1/20091215151847_40_6479242_Yleiskuvakamera.jpg	2
/home/vartiai6/CarImages/Subset1/20091215152002_40_6479252_Yleiskuvakamera.jpg	2
/home/vartiai6/CarImages/Subset1/20091215152155_40_6479256_Yleiskuvakamera.jpg	2
/home/vartiai6/CarImages/Subset1/20091215152210_40_6479258_Yleiskuvakamera.jpg	2
/home/vartiai6/CarImages/Subset1/20091215152344_40_6479264_Yleiskuvakamera.jpg	2
/home/vartiai6/CarImages/Subset1/20091215152506_40_6479272_Yleiskuvakamera.jpg	2
/home/vartiai6/CarImages/Subset1/20091215152539_40_6479274_Yleiskuvakamera.jpg	2
/home/vartiai6/CarImages/Subset1/20091215152812_40_6479288_Yleiskuvakamera.jpg	2
/home/vartiai6/CarImages/Subset1/20091215152842_40_6479292_Yleiskuvakamera.jpg	2
/home/vartiai6/CarImages/Subset1/20091215153354_40_6479315_Yleiskuvakamera.jpg	2
/home/vartiai6/CarImages/Subset1/20091215153413_40_6479316_Yleiskuvakamera.jpg	0
/home/vartiai6/CarImages/Subset1/20091215153542_40_6479318_Yleiskuvakamera.jpg	2
/home/vartiai6/CarImages/Subset1/20091215154719_40_6479358_Yleiskuvakamera.jpg	1
/home/vartiai6/CarImages/Subset1/20091215154929_40_6479365_Yleiskuvakamera.jpg	0
/home/vartiai6/CarImages/Subset1/20091215154936_40_6479366_Yleiskuvakamera.jpg	0
/home/vartiai6/CarImages/Subset1/20091215155029_40_6479368_Yleiskuvakamera.jpg	0
/home/vartiai6/CarImages/Subset1/20091215155445_40_6479383_Yleiskuvakamera.jpg	0
/home/vartiai6/CarImages/Subset1/20091215155548_40_6479389_Yleiskuvakamera.jpg	2
/home/vartiai6/CarImages/Subset1/20091215160234_40_6479480_Yleiskuvakamera.jpg	2
/home/vartiai6/CarImages/Subset1/20091215160711_40_6479545_Yleiskuvakamera.jpg	2
/home/vartiai6/CarImages/Subset1/20091215160742_40_6479548_Yleiskuvakamera.jpg	2
/home/vartiai6/CarImages/Subset1/20091215161005_40_6479575_Yleiskuvakamera.jpg	2
/home/vartiai6/CarImages/Subset1/20091215161029_40_6479579_Yleiskuvakamera.jpg	2
/home/vartiai6/CarImages/Subset1/20091215161451_40_6479629_Yleiskuvakamera.jpg	0
/home/vartiai6/CarImages/Subset1/20091215162916_40_6479711_Yleiskuvakamera.jpg	0
/home/vartiai6/CarImages/Subset1/20091215163519_40_6479795_Yleiskuvakamera.jpg	2
/home/vartiai6/CarImages/Subset1/20091215163815_40_6479811_Yleiskuvakamera.jpg	0
/home/vartiai6/CarImages/Subset1/20091215164141_40_6479833_Yleiskuvakamera.jpg	2
/home/vartiai6/CarImages/Subset1/20091215164155_40_6479835_Yleiskuvakamera.jpg	2
/home/vartiai6/CarImages/Subset1/20091215164323_40_6479841_Yleiskuvakamera.jpg	2
/home/vartiai6/CarImages/Subset1/20091215164733_40_6479860_Yleiskuvakamera.jpg	2
/home/vartiai6/CarImages/Subset1/20091215171248_40_6479990_Yleiskuvakamera.jpg	1
/home/vartiai6/CarImages/Subset1/20091215172354_40_6480040_Yleiskuvakamera.jpg	0
/home/vartiai6/CarImages/Subset1/20091215172424_40_6480041_Yleiskuvakamera.jpg	1
/home/vartiai6/CarImages/Subset1/20091215173641_40_6480070_Yleiskuvakamera.jpg	0
/home/vartiai6/CarImages/Subset1/20091215180142_40_6480156_Yleiskuvakamera.jpg	2
/home/vartiai6/CarImages/Subset1/20091215180304_40_6480157_Yleiskuvakamera.jpg	2
/home/vartiai6/CarImages/Subset1/20091215200646_40_6480729_Yleiskuvakamera.jpg	0
/home/vartiai6/CarImages/Subset1/20091215203530_40_6480873_Yleiskuvakamera.jpg	0
/home/vartiai6/CarImages/Subset1/20091215213832_40_6481439_Yleiskuvakamera.jpg	0
/home/vartiai6/CarImages/Subset1/20100110053627_40_6615943_Yleiskuvakamera.jpg	0
/home/vartiai6/CarImages/Subset1/20100110060935_40_6615950_Yleiskuvakamera.jpg	0
/home/vartiai6/CarImages/Subset1/20100110061148_40_6615951_Yleiskuvakamera.jpg	0
/home/vartiai6/CarImages/Subset1/20100110061614_40_6615953_Yleiskuvakamera.jpg	0
/home/vartiai6/CarImages/Subset1/20100110084506_40_6616378_Yleiskuvakamera.jpg	2
/home/vartiai6/CarImages/Subset1/20100110090816_40_6616387_Yleiskuvakamera.jpg	0
/home/vartiai6/CarImages/Subset1/20100110092510_40_6616446_Yleiskuvakamera.jpg	0
/home/vartiai6/CarImages/Subset1/20100110093552_40_6616482_Yleiskuvakamera.jpg	0
/home/vartiai6/CarImages/Subset1/20100110094137_40_6616524_Yleiskuvakamera.jpg	2
/home/vartiai6/CarImages/Subset1/20100110100534_40_6616818_Yleiskuvakamera.jpg	2
/home/vartiai6/CarImages/Subset1/20100110100637_40_6616851_Yleiskuvakamera.jpg	2
/home/vartiai6/CarImages/Subset1/20100110100918_40_6616889_Yleiskuvakamera.jpg	2
/home/vartiai6/CarImages/Subset1/20100110101040_40_6616903_Yleiskuvakamera.jpg	2
/home/vartiai6/CarImages/Subset1/20100110102504_40_6617075_Yleiskuvakamera.jpg	0
/home/vartiai6/CarImages/Subset1/20100110103107_40_6617089_Yleiskuvakamera.jpg	0
/home/vartiai6/CarImages/Subset1/20100110103347_40_6617119_Yleiskuvakamera.jpg	1
/home/vartiai6/CarImages/Subset1/20100110110143_40_6617385_Yleiskuvakamera.jpg	1
/home/vartiai6/CarImages/Subset1/20100110110449_40_6617389_Yleiskuvakamera.jpg	1
/home/vartiai6/CarImages/Subset1/20100110110957_40_6617418_Yleiskuvakamera.jpg	2
/home/vartiai6/CarImages/Subset1/20100110112846_40_6617502_Yleiskuvakamera.jpg	1
/home/vartiai6/CarImages/Subset1/20100110113706_40_6617506_Yleiskuvakamera.jpg	0
